"ID","Sex","Horn","BirthYear","BirthMonth","BirthDay","BirthWt","MumID","Twin","MumAge","dominance"
2453,"M","N",1991,4,14,NA,1226,1,7,0.473377498692996
2454,"M","N",1991,4,14,NA,1226,1,7,0.692441562581333
2468,"M","N",1991,4,3,2.4000001,1835,0,4,0.57
2470,"F","N",1991,4,6,1.79999995,2245,0,1,0.39
2471,"F","P",1991,4,8,2.9000001,425,0,12,0.93
2473,"M","N",1991,4,8,2,1879,1,4,0.59
2474,"F","N",1991,4,8,1.89999998,1879,1,4,0.51
2476,"F","P",1991,4,8,2.70000005,2176,0,2,0.28
2477,"M","N",1991,4,11,2.4000001,1264,0,7,0.81
2478,"F","P",1991,4,13,2,2165,0,2,0.49
2479,"F","N",1991,4,10,2,904,0,9,0.75
2482,"F","P",1991,4,10,2.4000001,577,1,11,0.9
2483,"F","P",1991,4,10,2.0999999,577,1,11,0.93
2485,"F","N",1991,4,9,1.5,1288,1,7,0.73
2486,"M","N",1991,4,9,2.9000001,1288,1,7,0.68
2487,"F","P",1991,4,11,1.39999998,2128,0,2,0.61
2488,"F","S",1991,4,12,1.79999995,2273,0,1,0.34
2489,"F","P",1991,4,11,1.39999998,2146,1,2,0.39
2490,"M","N",1991,4,11,1.5,2146,1,2,0.47
2493,"F","S",1991,4,12,2.5999999,755,0,10,0.95
2494,"M","N",1991,4,12,2.5,2066,0,3,0.59
2496,"M","N",1991,4,13,1.5,2363,0,1,0.49
2497,"M","N",1991,4,14,3.0999999,1097,0,8,0.88
2498,"F","N",1991,4,13,1.60000002,1825,1,4,0.41
2499,"F","N",1991,4,13,1.39999998,1825,1,4,0.88
2500,"M","N",1991,4,15,1.5,2361,0,1,0.4
2502,"M","S",1991,4,15,2.29999995,1899,1,4,0.42
2503,"F","P",1991,4,15,2.20000005,1899,1,4,0.61
2504,"F","S",1991,4,14,2,2143,0,2,0.35
2506,"M","N",1991,4,14,2.4000001,1098,0,8,0.58
2507,"M","N",1991,4,16,2.5999999,1662,0,5,0.75
2508,"M","S",1991,4,16,1.29999995,2291,0,1,0.57
2509,"F","N",1991,4,15,2.20000005,1101,1,8,0.74
2510,"M","N",1991,4,15,2.0999999,1101,1,8,0.69
2511,"F","N",1991,4,17,1.89999998,1242,1,7,0.87
2512,"M","N",1991,4,17,2.29999995,1242,1,7,0.91
2513,"F","S",1991,4,17,1.60000002,2164,1,2,0.42
2514,"M","N",1991,4,17,1.89999998,2164,1,2,0.22
2515,"F","S",1991,4,17,1.89999998,1082,1,8,0.78
2516,"M","N",1991,4,17,1.89999998,1082,1,8,0.6
2517,"F","P",1991,4,16,1.29999995,2341,0,1,0.52
2518,"F","P",1991,4,14,3.29999995,2178,0,2,0.24
2519,"F","P",1991,4,16,2,2172,0,2,0.39
2520,"M","N",1991,4,17,1.29999995,2278,0,1,0.18
2521,"M","S",1991,4,16,3.20000005,1741,0,4,0.42
2522,"F","S",1991,4,17,2.79999995,1259,0,7,0.56
2523,"F","S",1991,4,17,2.20000005,1090,1,8,0.76
2524,"F","N",1991,4,17,2.20000005,1090,1,8,0.86
2525,"F","P",1991,4,17,2.70000005,1665,0,5,0.52
2526,"F","P",1991,4,17,2.4000001,1106,0,8,0.83
2528,"F","N",1991,4,14,2.5999999,906,1,9,0.94
2529,"F","N",1991,4,14,3,906,1,9,0.92
2530,"M","N",1991,4,18,2.4000001,1664,1,5,0.61
2531,"M","N",1991,4,18,2.20000005,1664,1,5,0.68
2532,"F","S",1991,4,20,1.5,1757,1,4,0.52
2533,"F","P",1991,4,20,1.79999995,1757,1,4,0.44
2534,"M","N",1991,4,19,2.5,1887,1,4,0.47
2535,"F","S",1991,4,19,2.20000005,1887,1,4,0.69
2536,"F","N",1991,4,9,3.70000005,910,0,9,0.87
2537,"F","N",1991,4,13,3.29999995,2275,0,1,0.19
2538,"F","S",1991,4,19,2.29999995,2168,0,2,0.36
2539,"M","N",1991,4,19,2.29999995,2075,0,3,0.33
2540,"F","N",1991,4,19,1.5,2272,0,1,0.36
2541,"F","S",1991,4,20,2.4000001,2076,0,3,0.57
2542,"F","P",1991,4,19,2.79999995,2177,0,2,0.38
2543,"M","N",1991,4,20,1.5,1095,1,8,0.73
2544,"M","N",1991,4,20,1.89999998,1095,1,8,0.9
2545,"F","S",1991,4,21,1.89999998,1769,1,4,0.75
2546,"F","P",1991,4,21,2.70000005,1769,1,4,0.47
2548,"F","S",1991,4,19,3.29999995,1073,0,8,0.9
2550,"M","N",1991,4,22,2.20000005,2167,0,2,0.37
2551,"F","P",1991,4,20,2.70000005,1255,1,7,0.6
2552,"F","N",1991,4,20,2,1255,1,7,0.5
2553,"M","N",1991,4,20,2.5999999,1251,1,7,0.67
2554,"F","N",1991,4,20,2.0999999,1251,1,7,0.83
2555,"M","N",1991,4,20,2.20000005,2214,0,2,0.58
2557,"F","P",1991,4,23,1.60000002,2353,0,1,0.55
2558,"M","N",1991,4,22,2.4000001,1109,1,8,0.81
2559,"M","N",1991,4,22,1.89999998,1109,1,8,0.61
2560,"F","S",1991,4,20,3.4000001,1262,0,7,0.7
2561,"M","N",1991,4,18,3.9000001,1289,0,7,0.83
2562,"M","N",1991,4,23,2.29999995,1877,1,4,0.36
2563,"M","N",1991,4,23,2.0999999,1877,1,4,0.56
2564,"M","N",1991,4,22,1.39999998,2366,0,1,0.23
2565,"M","N",1991,4,22,2.29999995,1263,0,7,0.73
2566,"F","N",1991,4,22,2.79999995,1660,0,5,0.78
2570,"F","S",1991,4,24,2.5,1820,1,4,0.75
2572,"F","P",1991,4,23,1.29999995,2374,0,1,0.55
2575,"M","N",1991,4,25,3,1078,0,8,0.92
2576,"M","N",1991,4,16,3.70000005,2154,0,2,0.31
2577,"F","P",1991,4,24,3.20000005,1834,0,4,0.74
2578,"M","N",1991,4,24,3.20000005,1880,0,4,0.55
2579,"M","N",1991,4,25,2.79999995,2064,0,3,0.43
2580,"F","P",1991,4,24,3.29999995,1649,0,5,0.67
2581,"M","N",1991,4,26,2.20000005,1554,0,6,0.54
2583,"M","N",1991,4,23,3.70000005,2175,0,2,0.32
2585,"F","N",1991,4,26,3.70000005,1079,0,8,0.87
2587,"M","N",1991,4,26,2.9000001,1252,0,7,0.68
2588,"F","P",1991,4,28,1.60000002,2262,0,1,0.56
2589,"F","N",1991,4,27,1.70000005,2315,0,1,0.25
2592,"M","S",1991,4,29,2.4000001,751,0,10,0.91
2595,"F","P",1991,7,30,3.20000005,1876,0,4,0.67
2596,"F","S",1991,4,26,NA,1784,0,4,0.678049993284352
2600,"M","N",1991,4,24,2.20000005,2073,1,3,0.58
2601,"M","N",1991,4,21,3.20000005,1885,0,4,0.76
2611,"F","N",1991,4,23,1.89999998,2295,0,1,0.27
2621,"M","N",1991,4,24,NA,1258,0,7,0.746356194214625
2626,"F","S",1991,4,22,2.29999995,2120,0,2,0.46
2627,"F","S",1991,4,13,4,905,0,9,0.7
2650,"F","P",1991,4,20,NA,2071,0,3,0.724392887915004
2656,"F","S",1992,4,4,1.79999995,1225,0,8,0.7
2657,"M","N",1992,4,6,1.5,2245,0,2,0.58
2660,"M","N",1992,4,8,1.70000005,2349,0,2,0.52
2661,"M","S",1992,4,10,2.4000001,2178,0,3,0.43
2662,"F","S",1992,4,10,1.79999995,2323,0,2,0.42
2663,"F","N",1992,4,10,1.60000002,2375,0,2,0.5
2665,"F","P",1992,4,11,1.70000005,2146,0,3,0.29
2668,"M","N",1992,4,12,1.70000005,2262,0,2,0.62
2669,"M","N",1992,4,12,2.9000001,1741,0,5,0.72
2672,"F","N",1992,4,14,2.0999999,577,0,12,0.92
2673,"M","S",1992,4,16,2.29999995,1757,0,5,0.73
2674,"M","N",1992,4,19,2.20000005,1242,0,8,0.9
2678,"F","S",1992,4,15,1.89999998,2164,1,3,0.52
2679,"M","N",1992,4,17,1.5,1259,1,8,0.8
2682,"F","N",1992,4,17,2.29999995,1073,1,9,0.76
2686,"F","S",1992,4,18,2,2075,0,4,0.35
2687,"F","S",1992,4,17,1.70000005,1256,1,8,0.92
2689,"F","P",1992,4,19,2.70000005,905,0,10,0.86
2690,"M","N",1992,4,18,1.60000002,2363,0,2,0.7
2692,"F","S",1992,4,18,2.5,1080,0,9,0.78
2693,"F","P",1992,4,20,1.20000005,2353,0,2,0.64
2695,"F","N",1992,4,20,1.5,2364,0,2,0.67
2696,"F","N",1992,4,20,2,1887,0,5,0.51
2697,"M","N",1992,4,21,2.20000005,1258,0,8,0.83
2698,"F","N",1992,4,20,3,1885,0,5,0.69
2699,"F","S",1992,4,20,2.5,1662,0,6,0.78
2700,"M","S",1992,4,21,2.70000005,1072,0,9,0.88
2703,"M","N",1992,4,21,2.9000001,1665,0,6,0.83
2704,"M","N",1992,4,21,2.5,910,0,10,0.93
2705,"M","N",1992,4,21,3,1255,0,8,0.88
2710,"M","N",1992,4,22,2.9000001,1880,0,5,0.41
2711,"F","N",1992,4,22,2.0999999,1825,0,5,0.37
2712,"F","S",1992,4,22,2.79999995,1663,0,6,0.8
2713,"F","N",1992,4,22,2.9000001,1288,0,8,0.84
2714,"F","S",1992,4,23,2.0999999,2337,0,2,0.42
2715,"M","N",1992,4,24,3.0999999,1251,0,8,0.92
2716,"M","N",1992,4,23,3.20000005,1244,0,8,0.9
2718,"F","S",1992,4,24,1.70000005,2167,0,3,0.49
2720,"M","N",1992,4,25,2.9000001,1821,0,5,0.7
2721,"F","P",1992,4,26,2.0999999,2069,0,4,0.69
2723,"F","S",1992,4,23,2.4000001,2076,0,4,0.68
2724,"M","S",1992,4,21,2.20000005,2177,0,3,0.64
2725,"M","S",1992,5,2,2.0999999,1246,1,8,0.62
2726,"F","N",1992,5,2,1.79999995,1246,1,8,0.79
2729,"M","N",1992,5,3,2.5,2168,0,3,0.54
2730,"M","N",1992,5,6,1.79999995,2292,0,2,0.4
2731,"F","P",1992,5,9,2.9000001,1876,0,5,0.34
2733,"M","N",1992,5,8,1.70000005,1877,1,5,0.57
2739,"M","N",1992,4,22,2.0999999,2073,1,4,0.41
2741,"F","S",1992,4,17,1.89999998,1664,1,6,0.49
2747,"F","N",1992,4,22,1.20000005,2073,1,4,0.62
2748,"M","N",1992,4,21,2.5,1089,0,9,0.88
2749,"F","S",1992,4,15,2,2164,1,3,0.81
2750,"F","N",1992,4,22,2.70000005,1660,0,6,0.61
2751,"F","N",1992,4,15,2.20000005,2066,0,4,0.65
2752,"M","S",1992,5,8,1.60000002,1877,1,5,0.8
2753,"M","N",1992,4,19,2.5,1226,0,8,0.88
2755,"F","N",1992,4,23,1.70000005,1820,1,5,0.64
2758,"F","S",1992,4,13,2,415,0,13,0.95
2759,"F","S",1992,4,21,2,2071,0,4,0.53
2839,"F","P",1993,4,27,NA,2223,0,3,0.520943960505279
2844,"F","S",1993,4,5,2.20000005,2414,0,2,0.38
2846,"F","P",1993,4,10,1.79999995,2431,0,2,0.42
2847,"M","N",1993,4,10,3.20000005,2379,0,3,0.44
2848,"M","N",1993,4,10,3.0999999,2176,0,4,0.48
2849,"M","N",1993,4,13,1.79999995,2443,0,2,0.31
2852,"F","N",1993,4,14,1.89999998,1098,0,10,0.87
2853,"M","N",1993,4,14,2.5999999,2260,0,3,0.36
2854,"M","N",1993,4,15,1.60000002,2356,1,3,0.64
2855,"F","N",1993,4,15,1.79999995,2356,1,3,0.65
2856,"F","N",1993,4,15,2.29999995,2364,0,3,0.46
2858,"F","P",1993,4,15,2.0999999,2164,1,4,0.45
2859,"F","N",1993,4,15,2.79999995,2363,0,3,0.36
2860,"M","N",1993,4,15,2.0999999,1246,1,9,0.86
2861,"F","P",1993,4,15,1.60000002,1246,1,9,0.79
2862,"M","N",1993,4,16,2,2569,0,2,0.43
2863,"M","S",1993,4,15,2.79999995,2146,0,4,0.58
2864,"M","N",1993,4,15,2.70000005,2479,0,2,0.4
2869,"M","N",1993,4,16,2.9000001,2409,0,2,0.62
2870,"M","N",1993,4,16,3.20000005,2172,0,4,0.53
2871,"F","N",1993,4,16,2.20000005,2549,0,2,0.43
2872,"F","P",1993,4,16,1.60000002,1103,1,10,0.84
2873,"F","P",1993,4,16,2,1103,1,10,0.9
2874,"M","N",1993,4,16,3.0999999,2163,0,4,0.46
2875,"F","S",1993,4,16,1.79999995,577,1,13,0.94
2876,"F","P",1993,4,16,1.70000005,577,1,13,0.75
2879,"M","N",1993,4,16,2.20000005,1741,1,6,0.69
2881,"F","S",1993,4,16,2.4000001,2462,0,2,0.17
2882,"F","N",1993,4,16,2.9000001,2066,0,5,0.64
2883,"F","P",1993,4,17,3.4000001,1891,0,6,0.87
2884,"F","P",1993,4,19,3.29999995,1097,0,10,0.86
2885,"F","S",1993,4,19,2.29999995,2170,0,4,0.65
2886,"F","N",1993,4,18,2.9000001,2353,0,3,0.4
2887,"F","N",1993,4,16,1.79999995,2262,1,3,0.48
2888,"F","P",1993,4,16,1.60000002,2262,1,3,0.81
2890,"M","N",1993,4,17,2,2627,0,1,0.67
2891,"F","S",1993,4,17,1.5,1552,1,8,0.72
2892,"M","N",1993,4,17,1.70000005,1552,1,8,0.67
2893,"F","N",1993,4,17,NA,1255,0,9,0.743230335468453
2894,"F","S",1993,4,17,3.29999995,1664,0,7,0.64
2895,"F","N",1993,4,17,3.9000001,1073,0,10,0.98
2896,"F","N",1993,4,17,2.0999999,1825,1,6,0.81
2897,"F","N",1993,4,17,2.20000005,1825,1,6,0.71
2898,"F","N",1993,4,17,2.20000005,2236,0,3,0.4
2899,"F","N",1993,4,17,2.5999999,2165,0,4,0.64
2900,"M","N",1993,4,17,1.70000005,2323,1,3,0.31
2901,"F","N",1993,4,17,2,2323,1,3,0.21
2903,"M","N",1993,4,18,3.5,2366,0,3,0.27
2904,"M","N",1993,4,19,1.60000002,2643,0,1,0.3
2905,"F","S",1993,4,18,3.0999999,2572,0,2,0.29
2906,"F","N",1993,4,20,2.4000001,2341,0,3,0.57
2907,"F","N",1993,4,18,2.79999995,2349,0,3,0.8
2908,"M","N",1993,4,18,2.9000001,1256,0,9,0.84
2909,"M","N",1993,4,19,2.29999995,1899,1,6,0.68
2910,"M","N",1993,4,19,2.70000005,1899,1,6,0.7
2911,"F","P",1993,4,16,2.20000005,1887,1,6,0.78
2912,"F","P",1993,4,20,2.0999999,2375,0,3,0.5
2913,"F","S",1993,4,19,3,1259,0,9,0.93
2916,"M","S",1993,4,19,2.79999995,2374,0,3,0.7
2918,"F","N",1993,4,20,1.70000005,2214,1,4,0.79
2919,"F","P",1993,4,20,2,2214,1,4,0.46
2921,"M","N",1993,4,20,1.79999995,2368,1,3,0.55
2922,"F","N",1993,4,20,1.39999998,2368,1,3,0.51
2925,"F","S",1993,4,21,2.70000005,2167,0,4,0.5
2927,"M","N",1993,4,18,1.70000005,2706,0,1,0.28
2928,"M","N",1993,4,21,2.5999999,1663,1,7,0.88
2929,"F","N",1993,4,21,2.0999999,1663,1,7,0.58
2930,"M","S",1993,4,20,3.70000005,1757,0,6,0.66
2931,"F","N",1993,4,21,2.79999995,2337,0,3,0.44
2932,"M","N",1993,4,22,3.20000005,2168,0,4,0.79
2934,"F","P",1993,4,20,2.20000005,2465,0,2,0.34
2936,"M","N",1993,4,22,2.29999995,1820,1,6,0.82
2937,"F","P",1993,4,20,3,2177,0,4,0.47
2938,"M","S",1993,4,21,2.0999999,2069,1,5,0.73
2939,"F","P",1993,4,21,1.79999995,2069,1,5,0.74
2940,"M","N",1993,4,21,2.70000005,1660,1,7,0.71
2941,"F","N",1993,4,21,2.5,1660,1,7,0.92
2942,"F","N",1993,4,22,2.20000005,1101,1,10,0.85
2943,"F","P",1993,4,22,2.20000005,1101,1,10,0.94
2944,"F","S",1993,4,22,3.20000005,1665,0,7,0.78
2945,"F","N",1993,4,22,2.20000005,1242,1,9,0.74
2946,"M","N",1993,4,22,2.5,1242,1,9,0.78
2947,"F","P",1993,4,22,2.9000001,2075,0,5,0.66
2948,"F","N",1993,4,22,2.5,1882,1,6,0.75
2949,"F","N",1993,4,22,1.79999995,1882,1,6,0.8
2950,"F","N",1993,4,20,2.29999995,1262,1,9,0.89
2951,"F","N",1993,4,20,2.79999995,1262,1,9,0.83
2952,"F","S",1993,4,21,1.5,2607,0,1,0.13
2954,"M","N",1993,4,19,2.5,2376,1,3,0.5
2955,"F","N",1993,4,22,2,2339,0,3,0.55
2956,"M","N",1993,4,23,2.70000005,2532,0,2,0.5
2957,"M","N",1993,4,23,2.20000005,2647,0,1,0.45
2958,"F","N",1993,4,22,2.79999995,2278,0,3,0.49
2961,"F","P",1993,4,24,2.9000001,2536,0,2,0.43
2962,"M","N",1993,4,24,3,1880,0,6,0.58
2964,"F","N",1993,4,24,2.4000001,1288,1,9,0.92
2965,"M","N",1993,4,24,2.5,1288,1,9,0.91
2967,"M","N",1993,4,24,2.70000005,2534,0,2,0.47
2968,"F","P",1993,4,25,2.0999999,1554,1,8,0.72
2969,"M","N",1993,4,25,2.4000001,1554,1,8,0.87
2970,"F","P",1993,4,25,1.70000005,2686,0,1,0.78
2971,"M","N",1993,4,25,1.60000002,2663,0,1,0.4
2972,"M","N",1993,4,25,2.0999999,1877,1,6,0.64
2974,"F","P",1993,4,26,1.89999998,2447,0,2,0.25
2975,"M","N",1993,4,24,3.70000005,1244,0,9,0.93
2978,"F","P",1993,4,25,2.20000005,1079,1,10,0.85
2981,"M","N",1993,4,27,3.4000001,1649,0,7,0.82
2982,"F","N",1993,4,27,2,1109,1,10,0.93
2983,"F","P",1993,4,27,2.29999995,1109,1,10,0.95
2984,"M","N",1993,4,25,2.5,2073,1,5,0.78
2985,"M","N",1993,4,26,2.9000001,1784,0,6,0.58
2986,"M","N",1993,4,28,2.70000005,2292,0,3,0.43
2987,"M","S",1993,4,28,2.9000001,1834,0,6,0.71
2989,"F","N",1993,4,24,1.5,2641,0,1,0.6
2990,"F","P",1993,5,1,1.39999998,2608,0,1,0.48
2993,"F","N",1993,4,15,2.4000001,2351,0,3,0.24
3006,"F","P",1993,4,20,2.5,2071,0,5,0.62
3009,"M","S",1993,4,19,2.9000001,2365,0,3,0.48
3011,"F","S",1993,4,25,2.9000001,2073,1,5,0.48
3048,"M","N",1994,4,3,1.89999998,2414,0,3,0.65
3049,"F","P",1994,4,4,2.0999999,2176,0,5,0.64
3050,"F","N",1994,4,9,1.5,2443,0,3,0.2
3052,"M","N",1994,4,8,1.70000005,2360,0,4,0.42
3053,"F","N",1994,3,29,2.79999995,2275,0,4,0.45
3054,"F","N",1994,4,9,1.89999998,2627,0,2,0.44
3055,"F","S",1994,4,9,1.89999998,2431,0,3,0.43
3056,"F","S",1994,4,11,1.89999998,2245,0,4,0.58
3059,"F","P",1994,4,12,2.70000005,2363,0,4,0.26
3060,"M","N",1994,4,12,2.70000005,2364,0,4,0.37
3061,"F","N",1994,4,12,2.29999995,1825,0,7,0.54
3062,"F","P",1994,4,13,1.79999995,2401,0,3,0.44
3063,"M","N",1994,4,13,3,1741,0,7,0.82
3064,"F","P",1994,4,13,2.4000001,2066,0,6,0.84
3065,"F","P",1994,4,13,1.70000005,2676,0,2,0.42
3066,"M","S",1994,4,13,1.79999995,2607,0,2,0.52
3067,"F","P",1994,4,13,2.4000001,2353,0,4,0.42
3069,"F","N",1994,4,13,2,2341,0,4,0.73
3070,"M","N",1994,4,13,2.79999995,2479,0,3,0.38
3071,"F","P",1994,4,14,2.29999995,2465,0,3,0.49
3072,"M","N",1994,4,14,1.5,2362,0,4,0.43
3073,"M","S",1994,4,14,2.0999999,2165,0,5,0.4
3074,"F","S",1994,4,15,2.29999995,2260,0,4,0.67
3075,"M","N",1994,4,15,2.29999995,2361,0,4,0.63
3076,"F","P",1994,4,15,2.4000001,2409,0,3,0.25
3077,"M","S",1994,4,15,2.70000005,2172,0,5,0.69
3078,"F","P",1994,4,15,2.0999999,2167,0,5,0.61
3079,"F","P",1994,4,14,2.0999999,2460,0,3,0.45
3080,"F","N",1994,4,14,2.5999999,2337,0,4,0.5
3083,"M","N",1994,4,15,2.5999999,2572,0,3,0.6
3084,"M","N",1994,4,16,2.9000001,1664,0,8,0.8
3085,"F","N",1994,4,16,2.79999995,2163,0,5,0.77
3086,"F","N",1994,4,16,2,2637,0,2,0.4
3089,"M","N",1994,4,16,3,2177,0,5,0.66
3091,"F","P",1994,4,15,1.70000005,2356,1,4,0.76
3092,"M","S",1994,4,16,1.60000002,1757,1,7,0.74
3093,"M","N",1994,4,16,1.5,1757,1,7,0.48
3094,"F","P",1994,4,17,1.60000002,1259,0,10,0.55
3096,"M","N",1994,4,16,1.79999995,2262,1,4,0.77
3097,"F","P",1994,4,16,1.29999995,2262,1,4,0.44
3098,"F","P",1994,4,17,2.0999999,2688,0,2,0.51
3099,"F","P",1994,4,17,2.20000005,2549,0,3,0.46
3100,"F","P",1994,4,17,2.5,1255,0,10,0.92
3101,"F","P",1994,4,17,2.9000001,1899,0,7,0.85
3102,"M","S",1994,4,17,2.5999999,2462,0,3,0.59
3106,"F","P",1994,4,18,1.89999998,2421,0,3,0.41
3107,"F","P",1994,4,17,2.5,2359,0,4,0.48
3108,"M","N",1994,4,17,3.0999999,2168,0,5,0.68
3109,"F","P",1994,4,18,1.70000005,2644,0,2,0.52
3110,"M","N",1994,4,18,2.70000005,1820,0,7,0.73
3112,"F","N",1994,4,18,2.5,2323,1,4,0.62
3113,"F","N",1994,4,18,1,2323,1,4,0.41
3114,"M","N",1994,4,19,2.79999995,2064,0,6,0.72
3117,"F","S",1994,4,18,1.89999998,1552,0,9,0.84
3118,"M","S",1994,4,19,2.4000001,2075,0,6,0.63
3121,"M","N",1994,4,19,1.89999998,2373,1,4,0.73
3123,"F","N",1994,4,19,2,2375,0,4,0.47
3124,"F","N",1994,4,19,2.29999995,1072,0,11,0.79
3125,"M","N",1994,4,18,1.70000005,2366,1,4,0.4
3127,"F","S",1994,4,19,1.70000005,2569,0,3,0.76
3128,"M","N",1994,4,19,2.5,1665,0,8,0.81
3129,"F","P",1994,4,20,1.60000002,2447,0,3,0.88
3131,"M","N",1994,4,21,1.39999998,1663,0,8,0.8
3132,"F","P",1994,4,20,2.20000005,2069,0,6,0.79
3133,"F","P",1994,4,20,1.60000002,1649,1,8,0.7
3134,"M","S",1994,4,20,1.79999995,1649,1,8,0.93
3137,"F","P",1994,4,20,2.20000005,1225,0,10,0.88
3138,"M","N",1994,4,21,2,1251,0,10,0.83
3141,"M","N",1994,4,20,2.20000005,1877,1,7,0.76
3142,"M","N",1994,4,21,2,2073,1,6,0.51
3143,"F","N",1994,4,21,1.60000002,2073,1,6,0.81
3146,"M","S",1994,4,22,1.60000002,1882,1,7,0.55
3147,"F","P",1994,4,22,2,2659,0,2,0.45
3150,"M","N",1994,4,24,1.5,2707,0,2,0.28
3152,"F","P",1994,4,21,2,1887,1,7,0.83
3153,"M","N",1994,4,24,1.89999998,1885,1,7,0.47
3154,"M","N",1994,4,24,2.0999999,1885,1,7,0.75
3155,"M","N",1994,4,25,2.5999999,1660,0,8,0.83
3156,"M","S",1994,4,25,2.79999995,2146,0,5,0.68
3158,"F","N",1994,4,26,2.0999999,1784,0,7,0.96
3161,"F","P",1994,4,26,1.29999995,2339,1,4,0.32
3162,"M","N",1994,4,26,1.20000005,2339,1,4,0.53
3163,"F","P",1994,4,27,1.79999995,2377,0,4,0.78
3164,"M","N",1994,4,14,2,2658,1,2,0.32
3165,"F","P",1994,5,1,2.0999999,2632,0,2,0.6
3168,"F","P",1994,5,2,2.79999995,1662,0,8,0.71
3169,"M","N",1994,5,2,1.89999998,2617,0,2,0.2
3170,"F","P",1994,5,3,3.0999999,1876,0,7,0.78
3171,"M","S",1994,5,4,1.70000005,2374,1,4,0.84
3172,"M","N",1994,5,3,2.5,2278,0,4,0.4
3173,"F","P",1994,5,7,NA,2686,0,2,0.593044460419802
3174,"F","N",1994,4,23,1.79999995,2292,0,4,0.62
3176,"F","S",1994,4,18,2,2571,0,3,0.21
3179,"F","S",1994,4,12,1.60000002,2178,0,5,0.81
3181,"F","P",1994,4,21,1.79999995,1242,0,10,0.94
3245,"F","N",1995,5,2,1.20000005,2339,0,5,0.31
3246,"F","S",1995,4,2,1.70000005,2364,0,5,0.68
3248,"F","P",1995,4,9,2,2176,0,6,0.8
3249,"F","N",1995,4,10,2.4000001,2323,0,5,0.46
3250,"F","N",1995,4,11,2.5,2379,0,5,0.66
3255,"M","N",1995,4,14,1.79999995,2245,0,5,0.51
3256,"F","N",1995,4,15,2.20000005,2627,0,3,0.45
3261,"F","S",1995,4,18,2.29999995,2479,0,4,0.51
3262,"M","N",1995,4,18,2.0999999,2363,0,5,0.64
3267,"F","P",1995,4,19,1.89999998,2066,0,7,0.79
3268,"F","S",1995,4,20,1.79999995,2167,0,6,0.53
3269,"F","S",1995,4,20,1.5,2807,0,2,0.47
3270,"F","S",1995,4,20,2.4000001,2337,0,5,0.63
3271,"F","S",1995,4,21,1.70000005,2829,0,2,0.57
3272,"M","N",1995,4,21,2,2172,0,6,0.62
3273,"F","S",1995,4,21,1.79999995,2178,0,6,0.74
3274,"M","N",1995,4,21,1.60000002,2373,1,5,0.44
3276,"F","N",1995,4,20,2.5999999,2218,0,5,0.58
3277,"M","N",1995,4,22,3,1741,0,8,0.86
3278,"F","N",1995,4,22,1.89999998,2460,0,4,0.4
3279,"F","P",1995,4,22,1.29999995,2908,0,2,0.22
3281,"F","P",1995,4,23,1.70000005,2651,0,3,0.67
3282,"M","N",1995,4,23,1.70000005,2925,0,2,0.51
3283,"F","S",1995,4,23,2,2401,0,4,0.47
3284,"F","P",1995,4,23,1.60000002,2260,1,5,0.51
3285,"M","N",1995,4,23,2,2361,0,5,0.65
3287,"M","S",1995,4,24,1.39999998,2409,0,4,0.32
3288,"F","P",1995,4,24,1.39999998,2262,1,5,0.64
3289,"F","P",1995,4,24,1.39999998,2262,1,5,0.36
3290,"F","N",1995,4,24,1.89999998,2607,0,3,0.88
3292,"F","P",1995,4,24,1.39999998,2177,0,6,0.79
3293,"M","N",1995,4,24,2.5999999,2374,0,5,0.52
3294,"M","N",1995,4,24,2.0999999,2632,0,3,0.58
3295,"F","S",1995,4,24,2.0999999,2375,0,5,0.62
3296,"F","P",1995,4,25,1.60000002,2572,0,4,0.5
3297,"F","P",1995,4,25,2.0999999,2163,0,6,0.6
3298,"M","N",1995,4,25,1.79999995,2706,1,3,0.29
3299,"M","N",1995,4,25,1.39999998,2706,1,3,0.37
3300,"M","N",1995,4,25,1.60000002,1664,1,9,0.82
3302,"F","S",1995,4,25,1.5,2353,0,5,0.59
3303,"M","N",1995,4,25,2.4000001,2536,0,4,0.62
3305,"F","S",1995,4,25,2.29999995,2369,0,5,0.6
3307,"F","S",1995,4,25,2.4000001,2075,0,7,0.84
3309,"M","S",1995,4,26,1.79999995,2644,0,3,0.63
3310,"F","N",1995,4,26,2.5,2236,0,5,0.69
3311,"F","N",1995,4,26,2.0999999,2355,0,5,0.82
3312,"F","S",1995,4,26,1.39999998,2365,1,5,0.81
3315,"F","P",1995,4,27,1.60000002,2421,1,4,0.56
3316,"F","P",1995,4,27,1.5,2421,1,4,0.47
3317,"M","N",1995,4,27,2.70000005,1876,0,8,0.78
3318,"M","N",1995,4,28,2.79999995,1877,0,8,0.81
3319,"F","S",1995,4,28,2,1649,0,9,0.84
3320,"F","N",1995,4,28,1.79999995,2292,0,5,0.49
3322,"F","S",1995,4,28,1.89999998,2071,0,7,0.75
3323,"F","N",1995,4,28,1.20000005,2073,1,7,0.89
3324,"M","N",1995,4,28,1.39999998,2073,1,7,0.86
3325,"M","N",1995,4,28,1.70000005,2707,0,3,0.24
3326,"F","P",1995,4,28,2.4000001,2342,0,5,0.74
3327,"F","S",1995,4,29,1.89999998,2377,0,5,0.65
3328,"M","N",1995,4,29,1.89999998,2942,0,2,0.45
3329,"F","S",1995,4,29,2,2699,0,3,0.66
3330,"M","N",1995,4,29,2,2641,0,3,0.26
3332,"M","S",1995,4,29,2.20000005,2170,0,6,0.74
3333,"M","N",1995,4,30,2.79999995,2658,0,3,0.17
3334,"M","N",1995,4,29,1.79999995,2698,0,3,0.29
3335,"F","N",1995,4,29,1.89999998,2695,0,3,0.49
3336,"F","S",1995,4,30,1.70000005,2830,0,2,0.66
3338,"F","P",1995,4,30,2.79999995,2637,0,3,0.54
3339,"M","N",1995,4,29,1.5,2376,0,5,0.52
3340,"F","N",1995,4,30,2.4000001,2447,0,4,0.34
3341,"M","N",1995,5,1,2.70000005,1757,0,8,0.85
3342,"M","N",1995,5,1,2.0999999,1880,1,8,0.9
3343,"M","S",1995,5,1,2.9000001,2064,0,7,0.76
3344,"F","S",1995,5,1,1.70000005,2686,0,3,0.57
3445,"M","S",1996,4,6,2.20000005,2170,0,7,0.85
3446,"F","N",1996,4,6,1.5,2341,1,6,0.91
3447,"M","N",1996,4,6,1.20000005,2341,1,6,0.31
3450,"M","N",1996,4,15,2.4000001,2853,0,3,0.46
3451,"F","N",1996,4,15,2.9000001,1649,0,10,0.96
3453,"M","N",1996,4,16,3,2154,0,7,0.85
3456,"F","S",1996,4,17,1.60000002,2623,1,4,0.79
3457,"M","N",1996,4,17,2.0999999,2623,1,4,0.44
3460,"F","S",1996,4,17,1.60000002,3140,0,2,0.48
3461,"F","N",1996,4,17,1.79999995,3076,0,2,0.68
3462,"F","N",1996,4,18,2.20000005,2792,0,3,0.45
3463,"F","N",1996,4,18,2.29999995,2361,0,6,0.62
3465,"M","N",1996,4,18,2,1664,1,10,0.91
3466,"M","N",1996,4,18,2.5999999,2260,1,6,0.94
3467,"F","S",1996,4,18,1.5,2260,1,6,0.85
3468,"M","N",1996,4,18,1.70000005,3033,0,2,0.26
3470,"M","N",1996,4,18,2.79999995,2375,0,6,0.74
3471,"M","N",1996,4,18,3.0999999,2363,0,6,0.75
3472,"F","S",1996,4,19,3.0999999,2807,0,3,0.55
3473,"M","N",1996,4,18,2.9000001,2245,0,6,0.8
3474,"M","N",1996,4,19,1.70000005,3027,0,2,0.53
3475,"F","N",1996,4,18,2.20000005,2800,0,3,0.52
3476,"M","N",1996,4,19,2,2861,0,3,0.56
3477,"M","N",1996,4,19,2.4000001,2697,0,4,0.66
3478,"F","S",1996,4,20,2.0999999,2819,0,3,0.62
3479,"F","P",1996,4,20,1.89999998,2262,1,6,0.62
3480,"F","N",1996,4,20,1.79999995,2262,1,6,0.67
3481,"M","N",1996,4,20,1.5,2903,1,3,0.25
3482,"F","N",1996,4,20,1.5,2903,1,3,0.6
3483,"M","N",1996,4,20,3,2364,0,6,0.51
3484,"F","N",1996,4,20,3,2275,0,6,0.42
3485,"F","P",1996,4,20,2.29999995,2376,0,6,0.88
3486,"M","N",1996,4,21,2.20000005,3111,0,2,0.44
3487,"F","P",1996,4,21,2.70000005,2146,0,7,0.78
3488,"M","N",1996,4,21,2.4000001,3088,0,2,0.36
3489,"M","N",1996,4,21,1.79999995,3048,0,2,0.32
3490,"F","S",1996,4,21,2.4000001,2167,0,7,0.89
3491,"M","N",1996,4,22,2.79999995,3121,0,2,0.37
3492,"F","S",1996,4,19,1.5,3237,0,1,0.68
3493,"M","N",1996,4,20,1.39999998,2860,0,3,0.85
3494,"M","S",1996,4,21,2.5999999,2651,0,4,0.72
3495,"M","N",1996,4,21,1.70000005,3259,0,1,0.13
3496,"F","P",1996,4,22,1.20000005,2821,1,3,0.39
3498,"M","N",1996,4,22,3.20000005,2169,0,7,0.85
3499,"F","N",1996,4,22,2,2465,1,5,0.54
3500,"M","S",1996,4,22,1.29999995,2465,1,5,0.82
3501,"M","N",1996,4,22,2.79999995,2075,0,8,0.91
3502,"M","N",1996,4,23,3.20000005,2409,0,5,0.58
3504,"M","N",1996,4,22,2.70000005,2829,1,3,0.57
3505,"F","P",1996,4,22,2.5999999,2178,1,7,0.81
3506,"M","N",1996,4,22,2.29999995,2178,1,7,0.65
3507,"M","N",1996,4,20,2.4000001,2163,1,7,0.55
3508,"M","N",1996,4,20,2.29999995,2163,1,7,0.72
3509,"F","P",1996,4,22,3.20000005,2572,0,5,0.56
3510,"M","N",1996,4,24,2.5999999,2355,0,6,0.62
3511,"F","N",1996,4,22,2.5999999,2688,0,4,0.68
3512,"F","S",1996,4,20,1.39999998,3241,0,1,0.68
3513,"F","S",1996,4,23,1.39999998,2842,1,3,0.73
3514,"F","S",1996,4,23,1.39999998,2842,1,3,0.32
3516,"F","P",1996,4,23,3,2368,0,6,0.71
3517,"F","S",1996,4,23,2.9000001,2612,0,4,0.43
3518,"F","S",1996,4,23,2.5,2834,0,3,0.37
3519,"F","S",1996,4,24,2.20000005,2707,0,4,0.74
3520,"F","S",1996,4,25,2.5999999,2931,0,3,0.37
3521,"F","N",1996,4,21,1.79999995,3260,0,1,0.25
3522,"M","N",1996,4,25,3.4000001,2536,0,5,0.68
3523,"F","N",1996,4,22,3,2169,0,7,0.83
3524,"M","N",1996,4,25,2.5,2631,0,4,0.58
3525,"F","P",1996,4,24,2.4000001,2830,0,3,0.57
3526,"F","P",1996,4,27,2.5999999,2071,1,8,0.65
3527,"F","S",1996,4,27,2.79999995,2071,1,8,0.79
3528,"F","N",1996,4,17,1.39999998,3250,0,1,0.56
3529,"M","N",1996,4,25,2.70000005,2637,1,4,0.53
3531,"F","N",1996,4,26,2.4000001,2964,0,3,0.49
3533,"M","S",1996,4,23,2.29999995,2172,0,7,0.72
3534,"F","P",1996,4,21,1.39999998,3201,0,1,0.54
3535,"F","N",1996,4,23,2.4000001,2873,0,3,0.51
3537,"F","S",1996,4,26,3.20000005,1891,0,9,0.86
3538,"F","P",1996,4,27,2.29999995,2377,0,6,0.8
3539,"F","N",1996,4,26,2.4000001,2658,1,4,0.32
3541,"M","N",1996,4,23,1.39999998,3123,1,2,0.66
3542,"F","P",1996,4,23,1.20000005,3123,1,2,0.19
3546,"M","N",1996,4,26,1.60000002,2073,1,8,0.94
3547,"F","P",1996,4,26,1.60000002,2073,1,8,0.82
3548,"M","S",1996,4,23,3.9000001,2069,0,8,0.82
3549,"M","N",1996,4,27,2.4000001,2421,1,5,0.81
3551,"M","N",1996,4,27,3.0999999,2843,0,3,0.44
3552,"F","P",1996,4,27,2.9000001,2686,0,4,0.5
3553,"F","S",1996,4,24,1.60000002,3299,0,1,0.32
3554,"M","N",1996,4,27,2.9000001,1255,0,12,0.95
3556,"M","N",1996,4,26,3.20000005,2379,0,6,0.82
3557,"M","S",1996,4,27,3.20000005,2892,0,3,0.42
3560,"F","N",1996,4,25,1.5,3014,0,2,0.43
3562,"F","N",1996,4,28,1.60000002,2641,1,4,0.71
3564,"M","N",1996,4,26,2.79999995,2695,0,4,0.55
3565,"M","N",1996,4,23,1.5,3280,0,1,0.2
3566,"F","S",1996,4,26,1.70000005,3298,0,1,0.21
3567,"M","N",1996,4,21,3.70000005,2908,0,3,0.39
3568,"F","P",1996,4,26,4.19999981,2366,0,6,0.58
3569,"F","S",1996,4,30,3.20000005,2214,0,7,0.58
3570,"F","S",1996,4,24,1.5,3209,0,1,0.47
3571,"F","N",1996,5,2,1.89999998,3245,0,1,0.37
3573,"F","N",1996,4,27,2.20000005,1877,1,9,0.85
3574,"M","N",1996,5,4,2.9000001,2698,0,4,0.44
3575,"M","N",1996,5,1,1.60000002,3236,0,1,0.12
3576,"F","N",1996,4,24,2.29999995,3293,0,1,0.34
3579,"M","N",1996,4,25,5,2353,0,6,0.84
3582,"F","P",1996,4,17,4.5999999,2365,0,6,0.6
3583,"M","N",1996,5,3,2.20000005,3291,0,1,0.18
3584,"F","N",1996,4,17,5,2640,0,4,0.17
3585,"F","N",1996,4,29,4.4000001,2447,0,5,0.35
3586,"F","S",1996,4,25,5,2921,0,3,0.13
3587,"F","S",1996,5,9,1.70000005,2617,1,4,0.17
3588,"M","S",1996,5,9,1.79999995,2617,1,4,0.74
3590,"M","N",1996,5,9,2.0999999,2373,1,6,0.74
3591,"M","N",1996,5,9,2.5999999,2373,1,6,0.7
3592,"M","N",1996,5,9,3.29999995,2611,0,4,0.35
3594,"F","P",1996,5,6,1.39999998,3324,0,1,0.37
3595,"F","P",1996,5,12,2.5999999,2676,0,4,0.49
3657,"M","N",1996,4,27,NA,1877,1,9,0.485962962777905
3682,"F","N",1997,4,1,2.29999995,2176,0,8,0.86
3684,"M","N",1997,4,9,2.29999995,2792,0,4,0.67
3686,"F","S",1997,4,10,2.20000005,2668,0,5,0.65
3687,"F","S",1997,4,11,2.29999995,2443,0,6,0.69
3688,"M","N",1997,4,12,3.20000005,2379,0,7,0.85
3689,"M","N",1997,4,12,2,3237,0,2,0.68
3691,"M","S",1997,4,12,2.5,2365,0,7,0.5
3692,"M","N",1997,4,15,2.5,2146,0,8,0.9
3693,"M","N",1997,4,14,1.89999998,3123,0,3,0.52
3696,"M","S",1997,4,14,2,2666,0,5,0.7
3697,"F","N",1997,4,16,2.5999999,2066,0,9,0.92
3700,"M","N",1997,4,16,1.79999995,2640,0,5,0.82
3701,"M","N",1997,4,16,1.60000002,2262,1,7,0.71
3702,"M","N",1997,4,16,1.60000002,2262,1,7,0.74
3705,"F","P",1997,4,16,2.5,2821,0,4,0.68
3706,"F","N",1997,4,17,2.20000005,2465,0,6,0.86
3707,"F","P",1997,4,17,2.0999999,3121,0,3,0.39
3708,"F","S",1997,4,16,1.89999998,3236,0,2,0.4
3709,"F","N",1997,4,17,2,2362,0,7,0.7
3710,"F","P",1997,4,17,2.0999999,3222,0,2,0.24
3712,"M","N",1997,4,18,1.39999998,1741,1,10,0.85
3713,"F","N",1997,4,18,1.89999998,1741,1,10,0.5
3714,"F","P",1997,4,18,3,2807,0,4,0.62
3717,"M","S",1997,4,17,1.5,3199,0,2,0.64
3718,"M","N",1997,4,18,2.79999995,2363,0,7,0.81
3720,"M","N",1997,4,17,1.60000002,2697,1,5,0.63
3721,"M","N",1997,4,17,1.60000002,2697,1,5,0.88
3722,"M","S",1997,4,18,2.29999995,2401,0,6,0.48
3723,"F","N",1997,4,16,2.5,2154,0,8,0.81
3724,"F","P",1997,4,17,1.60000002,3319,0,2,0.32
3727,"F","S",1997,4,17,2.4000001,2611,0,5,0.57
3729,"F","N",1997,4,19,2.5999999,2623,0,5,0.54
3730,"M","N",1997,4,19,2.5999999,2834,0,4,0.7
3731,"F","S",1997,4,19,2.4000001,2460,0,6,0.6
3732,"M","S",1997,4,19,1.70000005,2409,1,6,0.75
3733,"M","S",1997,4,19,1.70000005,2409,1,6,0.81
3734,"M","S",1997,4,17,2.4000001,3214,0,2,0.32
3735,"M","N",1997,4,19,2.29999995,2804,0,4,0.38
3736,"F","N",1997,4,19,1.60000002,3263,0,2,0.58
3737,"M","N",1997,4,18,2.0999999,2800,0,4,0.47
3738,"F","P",1997,4,20,1.79999995,2631,0,5,0.73
3740,"F","P",1997,4,20,2.5,2632,0,5,0.71
3742,"M","N",1997,4,20,2.0999999,2861,0,4,0.52
3743,"F","S",1997,4,21,2.4000001,2172,0,8,0.75
3744,"M","N",1997,4,19,1.79999995,3242,0,2,0.51
3746,"M","N",1997,4,21,2.70000005,2572,0,6,0.7
3747,"M","N",1997,4,20,3,2607,0,5,0.66
3749,"F","S",1997,4,21,2,2637,1,5,0.8
3750,"F","N",1997,4,21,3.5999999,2829,0,4,0.54
3751,"F","P",1997,4,20,1.70000005,3289,0,2,0.53
3755,"M","S",1997,4,19,2.79999995,2931,0,4,0.44
3758,"M","S",1997,4,21,2.4000001,2169,0,8,0.72
3759,"F","P",1997,4,21,1.39999998,2366,1,7,0.88
3760,"M","N",1997,4,21,1.79999995,2366,1,7,0.6
3761,"M","N",1997,4,20,3.20000005,2369,0,7,0.55
3762,"M","N",1997,4,22,3.0999999,2706,0,5,0.78
3763,"M","N",1997,4,22,2.5999999,2853,0,4,0.63
3765,"M","N",1997,4,21,2.79999995,2075,0,9,0.79
3766,"M","N",1997,4,20,1.5,3260,0,2,0.73
3767,"F","P",1997,4,22,1.89999998,2167,0,8,0.85
3768,"M","N",1997,4,21,2.4000001,2830,0,4,0.37
3769,"M","N",1997,4,21,3,2236,0,7,0.47
3770,"M","N",1997,4,22,2,2841,0,4,0.65
3771,"F","S",1997,4,22,2.5,2549,0,6,0.6
3772,"F","P",1997,4,23,2.20000005,2178,1,8,0.9
3773,"F","P",1997,4,23,2.20000005,2178,1,8,0.81
3774,"F","P",1997,4,22,2.29999995,2223,0,7,0.63
3776,"F","P",1997,4,22,2.4000001,2375,0,7,0.78
3778,"M","N",1997,4,23,2.79999995,2278,0,7,0.84
3779,"M","N",1997,4,21,2.5,2898,0,4,0.37
3780,"F","N",1997,4,24,2.5999999,2843,0,4,0.66
3781,"M","N",1997,4,22,2.20000005,1649,0,11,0.84
3782,"F","N",1997,4,22,2.29999995,3076,0,3,0.55
3783,"M","N",1997,4,24,2.5,2695,0,5,0.51
3784,"F","N",1997,4,23,2,2377,0,7,0.74
3785,"F","P",1997,4,22,1.60000002,2908,1,4,0.5
3786,"F","S",1997,4,22,1.60000002,2908,1,4,0.46
3787,"F","S",1997,4,24,1.70000005,2658,1,5,0.68
3788,"F","N",1997,4,24,1.89999998,2658,1,5,0.5
3790,"M","N",1997,4,24,1.89999998,2617,1,5,0.46
3791,"M","S",1997,4,24,1.5,2617,1,5,0.83
3792,"M","S",1997,4,24,2.9000001,2353,0,7,0.69
3793,"M","N",1997,4,24,2.4000001,2873,0,4,0.5
3794,"F","S",1997,4,23,1.89999998,3221,0,2,0.54
3795,"M","S",1997,4,24,3,2177,0,8,0.76
3797,"F","P",1997,4,24,1.60000002,2683,1,5,0.48
3798,"M","N",1997,4,24,2.29999995,2683,1,5,0.72
3801,"M","N",1997,4,24,2,2906,0,4,0.32
3802,"M","N",1997,4,26,2,2214,0,8,0.84
3803,"F","P",1997,4,25,3,2686,0,5,0.67
3804,"M","N",1997,4,25,2.0999999,2799,0,4,0.46
3805,"F","S",1997,4,25,2.20000005,2168,0,8,0.78
3806,"F","P",1997,4,24,2.20000005,2860,0,4,0.55
3807,"F","P",1997,4,25,2.20000005,2361,0,7,0.58
3808,"F","N",1997,4,25,2.70000005,2292,0,7,0.78
3809,"F","P",1997,4,24,2.20000005,2921,0,4,0.71
3811,"M","S",1997,4,26,1.5,2073,1,9,0.88
3813,"M","S",1997,4,26,1.70000005,1666,0,11,0.87
3815,"F","S",1997,4,27,2.29999995,2698,0,5,0.69
3816,"M","S",1997,4,23,3.0999999,2076,0,9,0.74
3819,"M","N",1997,4,28,2.70000005,1891,0,10,0.9
3821,"M","N",1997,4,30,1.89999998,2447,1,6,0.68
3822,"F","N",1997,4,30,1.70000005,2447,1,6,0.91
3823,"F","P",1997,5,2,2.4000001,1877,0,10,0.84
3824,"F","P",1997,4,25,1.60000002,3533,0,1,0.34
3831,"M","N",1997,4,27,3.5,2337,0,7,0.48
3832,"F","S",1997,5,1,2.5,3027,0,3,0.56
3834,"F","P",1997,4,25,3,2341,0,7,0.78
3838,"F","S",1997,5,4,1.89999998,2676,1,5,0.66
3840,"M","N",1997,5,1,3.5,1880,0,10,0.94
3841,"M","N",1997,5,5,2.4000001,1663,0,11,0.85
3846,"M","N",1997,5,8,1.79999995,2641,1,5,0.44
3847,"M","N",1997,5,8,2,2641,1,5,0.48
3855,"M","S",1997,4,27,2.5999999,3255,0,2,0.44
3857,"M","N",1997,4,23,1.79999995,3203,0,2,0.22
3862,"F","P",1997,4,27,2.5,3111,0,3,0.55
3863,"F","N",1997,4,29,2,2784,0,4,0.39
3864,"M","N",1997,4,29,3,2942,0,4,0.58
3865,"M","N",1997,4,27,3,2903,0,4,0.56
3866,"F","S",1997,4,26,3,2892,0,4,0.61
3926,"F","S",1998,4,7,2.29999995,2066,0,10,0.88
3927,"F","S",1998,4,9,2,2176,0,9,0.85
3928,"M","S",1998,4,9,2.0999999,3237,0,3,0.56
3930,"M","N",1998,4,12,2.9000001,2627,0,6,0.85
3931,"F","S",1998,4,12,2.5,2379,0,8,0.88
3932,"F","N",1998,4,13,2,2800,0,5,0.52
3933,"M","S",1998,4,14,2.4000001,3123,0,4,0.68
3934,"F","S",1998,4,12,2.20000005,3140,0,4,0.36
3936,"M","N",1998,4,14,2,3440,0,2,0.35
3937,"M","N",1998,4,13,3,2623,0,6,0.74
3938,"F","N",1998,4,15,1.60000002,3552,0,2,0.68
3939,"M","N",1998,4,16,1.70000005,2617,1,6,0.68
3940,"F","P",1998,4,15,1.39999998,2421,1,7,0.43
3941,"M","N",1998,4,15,1.5,2421,1,7,0.57
3942,"M","N",1998,4,16,2.70000005,2163,0,9,0.82
3943,"M","S",1998,4,15,1.70000005,3571,0,2,0.25
3944,"F","S",1998,4,16,1.79999995,3276,0,3,0.37
3945,"F","P",1998,4,16,1.5,2146,1,9,0.71
3946,"M","S",1998,4,16,1.70000005,2146,1,9,0.9
3947,"M","N",1998,4,17,2.4000001,3222,0,3,0.78
3948,"M","N",1998,4,16,1.60000002,3577,0,2,0.69
3949,"F","P",1998,4,17,2.9000001,2572,0,7,0.56
3950,"F","N",1998,4,16,2.29999995,3202,0,3,0.56
3951,"F","N",1998,4,16,2.29999995,2154,0,9,0.84
3952,"M","N",1998,4,16,2.29999995,2804,0,5,0.63
3953,"M","N",1998,4,17,2.5999999,2847,0,5,0.62
3954,"F","P",1998,4,17,2.70000005,2178,0,9,0.83
3955,"F","P",1998,4,17,2.70000005,2706,0,6,0.58
3956,"F","P",1998,4,17,2.4000001,2409,0,7,0.71
3957,"M","N",1998,4,17,2.0999999,3239,0,3,0.49
3958,"M","N",1998,4,18,1.70000005,2610,0,6,0.54
3960,"F","P",1998,4,18,2.4000001,3214,0,3,0.25
3961,"M","S",1998,4,18,2.0999999,2637,1,6,0.64
3962,"F","P",1998,4,18,1.60000002,2637,1,6,0.4
3963,"M","N",1998,4,16,1.5,2353,1,8,0.69
3964,"F","S",1998,4,16,1.5,2353,1,8,0.83
3966,"F","P",1998,4,15,1.79999995,3478,0,2,0.44
3967,"M","N",1998,4,17,1.70000005,2245,0,8,0.65
3968,"F","S",1998,4,16,1.60000002,2821,1,5,0.45
3973,"F","N",1998,4,18,1.60000002,2260,1,8,0.89
3974,"F","P",1998,4,18,2.4000001,3236,0,3,0.39
3976,"F","P",1998,4,18,2.20000005,2076,0,10,0.95
3978,"F","N",1998,4,18,1.70000005,2834,1,5,0.67
3979,"F","N",1998,4,18,1.70000005,2834,1,5,0.64
3980,"M","S",1998,4,19,1.79999995,3314,1,3,0.46
3981,"F","N",1998,4,19,1.60000002,3314,1,3,0.61
3982,"F","P",1998,4,19,1.70000005,2853,1,5,0.62
3983,"F","N",1998,4,19,1.79999995,2941,1,5,0.76
3984,"M","N",1998,4,19,1.79999995,2941,1,5,0.58
3985,"M","N",1998,4,19,1.70000005,2073,1,10,0.91
3986,"M","N",1998,4,19,1.5,2073,1,10,0.89
3987,"M","S",1998,4,19,2.0999999,3009,0,4,0.42
3988,"F","S",1998,4,19,2.20000005,2476,0,7,0.78
3990,"F","S",1998,4,21,2.20000005,2640,0,6,0.76
3991,"F","S",1998,4,21,1.79999995,2860,0,5,0.47
3993,"M","N",1998,4,20,2.9000001,2549,0,7,0.7
3994,"F","S",1998,4,20,2.5999999,2611,0,6,0.66
3995,"M","N",1998,4,20,2.79999995,3291,0,3,0.56
3997,"F","P",1998,4,20,2.5,3255,0,3,0.32
4000,"F","P",1998,4,21,2.4000001,2829,0,5,0.58
4001,"F","S",1998,4,20,2.29999995,2275,0,8,0.92
4002,"F","N",1998,4,21,2.70000005,2903,0,5,0.5
4004,"M","S",1998,4,20,2.20000005,3319,0,3,0.47
4005,"M","N",1998,4,20,2.29999995,2401,0,7,0.73
4006,"F","P",1998,4,22,2.4000001,3221,0,3,0.47
4008,"F","S",1998,4,22,2.5,2536,0,7,0.56
4009,"M","N",1998,4,21,2,2697,1,6,0.8
4010,"F","S",1998,4,21,1.29999995,2697,1,6,0.7
4011,"F","N",1998,4,21,2.5,3307,0,3,0.35
4013,"F","P",1998,4,22,2.0999999,2666,0,6,0.8
4014,"F","N",1998,4,21,1.89999998,2695,0,6,0.4
4015,"M","S",1998,4,22,2.20000005,3250,0,3,0.44
4017,"M","N",1998,4,20,2.79999995,2479,0,7,0.78
4018,"M","N",1998,4,22,1.5,2262,1,8,0.88
4019,"F","S",1998,4,22,1.60000002,2262,1,8,0.91
4020,"F","S",1998,4,23,2.20000005,2931,0,5,0.44
4021,"F","N",1998,4,22,2.29999995,2375,0,8,0.59
4022,"M","S",1998,4,23,1.79999995,2607,0,6,0.84
4023,"M","N",1998,4,21,1.5,3428,0,2,0.69
4024,"M","N",1998,4,20,2.4000001,3223,0,3,0.2
4026,"M","N",1998,4,23,2,2168,0,9,0.95
4027,"F","S",1998,4,22,2.70000005,2632,0,6,0.47
4028,"F","P",1998,4,23,2.29999995,3242,0,3,0.64
4029,"F","P",1998,4,23,2.5,2908,0,5,0.79
4030,"M","S",1998,4,23,2.4000001,2676,0,6,0.78
4032,"M","N",1998,4,22,2,3443,0,2,0.7
4035,"M","N",1998,4,24,2,2534,0,7,0.75
4036,"F","S",1998,4,24,2.29999995,2799,0,5,0.66
4037,"M","N",1998,4,22,2.4000001,3259,0,3,0.52
4038,"M","N",1998,4,23,2.79999995,2167,0,9,0.84
4039,"M","N",1998,4,24,2.4000001,3048,0,4,0.32
4041,"M","N",1998,4,23,2.5999999,2898,0,5,0.67
4042,"F","P",1998,4,23,2.20000005,3199,0,3,0.61
4044,"M","S",1998,4,24,1.89999998,2885,1,5,0.33
4045,"M","N",1998,4,23,2.5,3282,0,3,0.6
4047,"M","N",1998,4,24,1.60000002,3490,0,2,0.5
4048,"M","N",1998,4,25,2.4000001,2075,0,10,0.78
4049,"F","N",1998,4,23,2,3027,0,4,0.54
4050,"F","N",1998,4,24,2.5,2699,0,6,0.75
4051,"M","N",1998,4,25,1.79999995,2843,1,5,0.68
4052,"M","N",1998,4,25,2.20000005,2843,1,5,0.54
4053,"F","P",1998,4,24,2.0999999,3248,0,3,0.32
4054,"F","S",1998,4,25,1.89999998,3324,0,3,0.54
4055,"M","N",1998,4,25,1.39999998,2819,1,5,0.81
4056,"M","N",1998,4,24,2.4000001,2906,0,5,0.49
4058,"M","N",1998,4,24,1.70000005,3129,0,4,0.71
4059,"F","S",1998,4,25,2.29999995,2236,0,8,0.87
4060,"M","N",1998,4,25,1.89999998,3014,0,4,0.71
4061,"M","S",1998,4,25,2.5,2376,0,8,0.8
4062,"M","N",1998,4,20,1.60000002,3420,0,2,0.51
4063,"F","P",1998,4,24,2.20000005,2651,0,6,0.62
4064,"F","P",1998,4,25,2.29999995,2644,0,6,0.67
4065,"M","N",1998,4,23,2,2362,0,8,0.88
4067,"M","N",1998,4,23,1.60000002,2683,0,6,0.71
4068,"M","N",1998,4,25,1.89999998,2323,1,8,0.85
4069,"F","P",1998,4,25,2,2323,1,8,0.72
4070,"F","S",1998,4,25,2.5999999,2892,0,5,0.51
4071,"M","N",1998,4,25,2.20000005,3265,0,3,0.66
4072,"M","S",1998,4,22,1.60000002,3272,0,3,0.82
4073,"F","P",1998,4,25,1.70000005,2069,1,10,0.88
4074,"F","P",1998,4,25,1.60000002,2069,1,10,0.88
4075,"F","S",1998,4,25,1.60000002,2921,1,5,0.77
4076,"F","N",1998,4,25,1.5,2921,1,5,0.75
4077,"F","N",1998,4,25,2.4000001,3203,0,3,0.4
4078,"F","N",1998,4,26,2.0999999,2361,0,8,0.78
4079,"F","P",1998,4,22,1.39999998,3431,0,2,0.35
4081,"M","N",1998,4,25,2.79999995,2278,0,8,0.9
4082,"F","N",1998,4,27,2.9000001,2703,0,6,0.5
4085,"M","N",1998,4,27,2.20000005,3224,0,3,0.54
4086,"M","S",1998,4,26,2.79999995,2377,0,8,0.81
4087,"F","N",1998,4,26,2.9000001,3111,0,4,0.63
4088,"M","N",1998,4,28,2.29999995,2964,0,5,0.71
4090,"M","N",1998,4,25,2.9000001,1880,0,11,0.93
4091,"M","N",1998,4,27,2.5999999,2292,0,8,0.87
4092,"F","N",1998,4,29,1.29999995,2447,1,7,0.89
4093,"F","N",1998,4,29,1.70000005,2447,1,7,0.85
4094,"M","S",1998,4,28,1.79999995,2686,1,6,0.66
4095,"M","N",1998,4,28,2.20000005,2686,1,6,0.61
4096,"M","S",1998,4,29,2.5999999,2358,0,8,0.91
4097,"F","N",1998,4,26,2.79999995,3567,0,2,0.17
4098,"F","P",1998,5,1,2.4000001,1834,0,11,0.9
4099,"F","S",1998,4,30,2,3273,0,3,0.3
4100,"M","N",1998,4,26,2.0999999,2378,0,8,0.89
4103,"M","N",1998,4,29,2.70000005,2899,0,5,0.56
4104,"M","S",1998,4,30,2.5,3232,0,3,0.41
4105,"F","N",1998,4,27,3.20000005,2337,0,8,0.77
4106,"M","N",1998,4,27,2.0999999,3607,0,2,0.18
4107,"M","N",1998,4,27,1.39999998,3592,0,2,0.34
4108,"F","S",1998,5,1,3.20000005,2942,0,5,0.55
4110,"F","S",1998,4,28,2.4000001,3198,0,3,0.42
4112,"M","N",1998,4,29,2.0999999,2571,0,7,0.65
4113,"M","N",1998,4,26,1.70000005,3753,0,1,0.46
4114,"F","N",1998,5,2,1.89999998,3533,0,2,0.39
4116,"M","N",1998,5,1,2.79999995,3548,0,2,0.47
4118,"M","N",1998,5,5,3,1876,0,11,0.9
4119,"M","N",1998,4,20,1.29999995,2443,1,7,0.39
4120,"M","N",1998,5,8,2.20000005,2612,0,6,0.88
4196,"M","N",1999,4,6,2.5999999,2379,0,9,0.87
4197,"F","S",1999,4,9,2.5,2829,0,6,0.58
4199,"F","N",1999,4,11,2,2479,0,8,0.75
4201,"F","P",1999,4,15,1.70000005,3440,0,3,0.28
4202,"M","N",1999,4,14,2.5,3209,0,4,0.4
4203,"F","N",1999,4,17,1.89999998,2364,0,9,0.75
4204,"F","S",1999,4,16,1.89999998,3201,0,4,0.41
4205,"M","N",1999,4,18,2.5,2853,0,6,0.83
4206,"F","P",1999,4,17,2.4000001,3222,0,4,0.67
4207,"F","N",1999,4,14,1.70000005,3552,0,3,0.7
4210,"M","N",1999,4,19,2.4000001,3214,0,4,0.56
4211,"M","S",1999,4,18,2.20000005,3533,0,3,0.63
4212,"F","P",1999,4,18,2,3571,0,3,0.55
4214,"M","N",1999,4,19,1.60000002,3330,1,4,0.52
4215,"F","S",1999,4,19,2.5,2607,0,7,0.68
4216,"F","S",1999,4,18,2.0999999,3300,0,4,0.39
4217,"F","P",1999,4,16,2.20000005,2847,0,6,0.7
4218,"M","N",1999,4,18,2.5999999,3202,0,4,0.5
4219,"M","N",1999,4,19,2.4000001,3259,0,4,0.56
4220,"F","N",1999,4,19,2.4000001,3048,0,5,0.67
4221,"M","N",1999,4,16,1.39999998,2245,0,9,0.88
4222,"M","N",1999,4,20,2.5999999,2323,0,9,0.89
4223,"M","N",1999,4,20,2.4000001,2262,0,9,0.92
4226,"M","N",1999,4,19,2.0999999,2683,0,7,0.83
4229,"F","P",1999,4,19,1.79999995,3469,0,3,0.25
4230,"F","P",1999,4,18,2.29999995,2861,0,6,0.48
4232,"M","N",1999,4,18,1.79999995,2807,1,6,0.81
4233,"F","S",1999,4,18,1.39999998,2807,1,6,0.82
4234,"M","N",1999,4,22,2.0999999,3111,0,5,0.61
4235,"M","N",1999,4,21,2,3414,0,3,0.42
4236,"F","N",1999,4,18,2.70000005,2668,0,7,0.82
4238,"F","P",1999,4,21,2.20000005,3232,0,4,0.53
4239,"F","S",1999,4,22,2.5,3291,0,4,0.5
4241,"F","N",1999,4,21,1.39999998,2841,0,6,0.86
4242,"M","N",1999,4,21,2.4000001,3289,0,4,0.43
4243,"M","N",1999,4,22,2,3445,0,3,0.37
4244,"F","S",1999,4,22,2.0999999,3248,0,4,0.58
4245,"F","P",1999,4,23,2.5,2706,0,7,0.91
4246,"M","N",1999,4,19,2.5999999,2375,0,9,0.87
4247,"M","N",1999,4,19,1.89999998,3129,0,5,0.65
4251,"M","N",1999,4,20,1.70000005,2834,1,6,0.38
4252,"M","N",1999,4,20,1.89999998,2834,1,6,0.75
4253,"M","N",1999,4,24,1.5,2597,0,7,0.47
4254,"M","S",1999,4,24,2.20000005,2787,0,6,0.84
4255,"M","N",1999,4,24,2.4000001,3564,0,3,0.29
4256,"M","N",1999,4,23,3.20000005,3255,0,4,0.53
4258,"F","P",1999,4,24,2.70000005,2931,0,6,0.59
4259,"M","N",1999,4,24,2.0999999,2860,0,6,0.83
4261,"F","S",1999,4,19,1.89999998,3420,0,3,0.4
4262,"M","N",1999,4,23,2.20000005,3076,0,5,0.7
4263,"F","P",1999,4,25,2.9000001,3250,0,4,0.36
4264,"M","N",1999,4,25,2.9000001,2342,0,9,0.86
4265,"F","P",1999,4,23,2.20000005,3223,0,4,0.62
4266,"F","N",1999,4,21,1.79999995,3609,0,3,0.37
4269,"F","P",1999,4,24,2.20000005,2799,0,6,0.77
4271,"M","S",1999,4,24,1.5,2908,1,6,0.88
4272,"F","S",1999,4,25,2.70000005,3237,0,4,0.66
4273,"F","P",1999,4,25,1.70000005,3224,0,4,0.82
4275,"M","N",1999,4,23,2.9000001,2699,0,7,0.82
4277,"F","P",1999,4,24,2.9000001,3443,0,3,0.35
4278,"F","S",1999,4,24,2.0999999,2873,0,6,0.75
4279,"M","N",1999,4,26,2,3607,0,3,0.69
4280,"M","N",1999,4,18,1.60000002,2460,0,8,0.79
4281,"M","N",1999,4,22,2.5999999,2659,0,7,0.69
4282,"F","S",1999,4,25,2.29999995,2892,0,6,0.56
4283,"M","N",1999,4,28,3,2942,0,6,0.49
4284,"F","S",1999,4,26,2.0999999,2686,0,7,0.81
4285,"F","N",1999,4,28,2.29999995,3589,0,3,0.53
4286,"F","N",1999,4,28,2,3273,0,4,0.51
4287,"F","N",1999,4,25,3,2703,0,7,0.8
4288,"F","S",1999,4,28,2.79999995,3121,0,5,0.28
4289,"F","N",1999,4,25,2.0999999,3704,0,2,0.19
4290,"F","S",1999,4,25,2.70000005,3316,0,4,0.56
4291,"F","S",1999,4,25,2.9000001,3583,0,3,0.48
4294,"M","S",1999,4,22,2,3759,0,2,0.42
4296,"F","S",1999,4,26,2.4000001,3567,0,3,0.62
4297,"M","N",1999,4,30,2.70000005,3198,0,4,0.69
4298,"F","P",1999,4,26,2.20000005,3771,0,2,0.4
4299,"M","S",1999,4,30,2.4000001,2927,0,6,0.62
4300,"M","N",1999,5,2,2.4000001,2784,0,6,0.83
4301,"F","N",1999,4,28,2.0999999,3473,0,3,0.69
4302,"F","N",1999,5,3,2.70000005,3303,0,4,0.65
4304,"F","N",1999,5,3,1.79999995,3738,0,2,0.37
4305,"F","N",1999,5,5,2.4000001,2066,0,11,0.91
4307,"F","S",1999,4,30,1.39999998,2223,1,9,0.82
4378,"F","S",2000,3,30,1.70000005,2941,1,7,0.46
4379,"F","N",2000,3,30,1.79999995,2941,1,7,0.85
4381,"F","N",2000,4,2,1.89999998,3289,1,5,0.38
4382,"M","N",2000,4,3,2.3499999,3248,0,5,0.56
4383,"M","N",2000,4,5,2.5999999,3440,0,4,0.51
4384,"F","N",2000,4,6,2,3009,0,6,0.52
4385,"F","S",2000,4,6,2,3088,0,6,0.81
4386,"M","N",2000,3,31,3.29999995,2800,0,7,0.76
4387,"F","N",2000,4,8,3.1500001,2379,0,10,0.89
4389,"M","N",2000,4,5,2.29999995,3201,1,5,0.5
4390,"M","N",2000,4,10,1.54999995,3945,0,2,0.26
4391,"F","S",2000,4,13,1.10000002,3881,0,2,0.72
4392,"F","N",2000,4,11,1.39999998,2262,1,10,0.91
4393,"M","N",2000,4,11,1.85000002,2262,1,10,0.77
4395,"F","P",2000,4,10,1.29999995,3552,1,4,0.51
4398,"M","N",2000,4,9,3,3659,0,3,0.51
4399,"M","N",2000,4,11,2.9000001,3478,0,4,0.68
4400,"M","N",2000,4,12,1.89999998,2829,1,7,0.8
4401,"M","N",2000,4,12,2,2829,1,7,0.45
4404,"F","S",2000,4,12,2.5999999,3428,0,4,0.5
4406,"F","P",2000,4,14,2.5,2931,0,7,0.85
4407,"M","N",2000,4,11,3.5,2847,0,7,0.65
4408,"F","N",2000,4,14,3,3202,0,5,0.59
4409,"F","S",2000,4,14,2,4104,0,3,0.3
4411,"F","N",2000,4,14,2.20000005,3968,0,2,0.4
4412,"M","N",2000,4,13,1.89999998,2830,0,7,0.84
4413,"F","S",2000,4,15,2.70000005,3076,0,6,0.6
4414,"F","P",2000,4,16,1.89999998,3420,0,4,0.67
4415,"M","N",2000,4,15,2.29999995,3324,0,5,0.67
4416,"F","S",2000,4,14,1.75,4008,0,2,0.16
4417,"M","N",2000,4,15,2,4004,0,2,0.66
4418,"M","N",2000,4,16,2.25,2841,0,7,0.73
4419,"M","N",2000,4,15,2.0999999,2364,0,10,0.81
4420,"M","S",2000,4,15,2.5999999,3469,0,4,0.55
4421,"F","N",2000,4,15,2.29999995,3224,0,5,0.53
4422,"F","S",2000,4,12,2.5,2804,0,7,0.87
4423,"F","P",2000,4,15,2.4000001,3445,0,4,0.43
4424,"F","P",2000,4,13,2.5,3759,0,3,0.33
4425,"F","N",2000,4,16,2.3499999,2631,0,8,0.8
4426,"M","N",2000,4,16,2.0999999,4051,0,2,0.72
4427,"F","S",2000,4,16,1.70000005,3954,0,2,0.51
4428,"M","N",2000,4,16,2.4000001,2549,0,9,0.88
4429,"M","N",2000,4,16,3,3330,0,5,0.54
4430,"F","P",2000,4,17,3,3236,0,5,0.61
4432,"F","P",2000,4,16,1.95000005,3725,0,3,0.37
4433,"F","P",2000,4,17,1.79999995,2834,1,7,0.87
4434,"M","N",2000,4,17,1.5,2834,1,7,0.77
4435,"F","S",2000,4,16,2.20000005,3222,1,5,0.38
4436,"M","N",2000,4,16,1.54999995,3222,1,5,0.76
4437,"F","S",2000,4,15,2.79999995,2699,0,8,0.87
4438,"M","N",2000,4,17,2,3123,0,6,0.55
4439,"M","N",2000,4,16,2.70000005,2683,0,8,0.88
4440,"F","P",2000,4,17,2.79999995,3250,0,5,0.38
4441,"F","N",2000,4,11,4,2479,0,9,0.96
4442,"M","N",2000,4,18,2.45000005,3203,0,5,0.74
4443,"F","S",2000,4,17,1.89999998,2807,1,7,0.49
4444,"F","P",2000,4,17,2.5999999,2640,0,8,0.84
4445,"F","P",2000,4,17,1.70000005,2908,1,7,0.68
4446,"F","P",2000,4,17,1.79999995,2908,1,7,0.71
4447,"F","N",2000,4,17,2.20000005,2323,1,10,0.88
4448,"M","N",2000,4,17,2.25,2323,1,10,0.75
4449,"F","S",2000,4,17,2.20000005,3431,0,4,0.77
4450,"F","S",2000,4,18,2.5999999,3300,0,5,0.67
4451,"F","S",2000,4,18,2,2706,1,8,0.77
4452,"F","N",2000,4,18,1.89999998,2706,1,8,0.74
4453,"F","P",2000,4,17,2.20000005,3885,0,2,0.53
4454,"M","N",2000,4,17,2.4000001,2807,1,7,0.61
4455,"F","P",2000,4,12,3.5,2668,0,8,0.93
4456,"M","N",2000,4,18,2.9000001,3282,0,5,0.78
4457,"F","S",2000,4,15,2.9000001,3303,0,5,0.59
4458,"M","S",2000,4,17,2.5999999,3259,0,5,0.5
4459,"F","P",2000,4,19,2.5999999,3214,0,5,0.52
4461,"F","N",2000,4,18,2,3651,0,3,0.33
4464,"M","N",2000,4,16,2.70000005,3316,0,5,0.5
4465,"F","S",2000,4,18,2.0999999,3636,0,3,0.53
4468,"M","S",2000,4,18,2.5,3771,0,3,0.36
4469,"M","N",2000,4,17,2.70000005,2819,0,7,0.74
4470,"M","N",2000,4,20,2.70000005,4103,0,3,0.72
4472,"F","N",2000,4,21,1.60000002,3221,1,5,0.74
4473,"M","N",2000,4,21,1.5,3221,1,5,0.86
4474,"F","P",2000,4,19,3,3443,0,4,0.58
4477,"F","S",2000,4,19,2.4000001,3734,0,3,0.29
4478,"F","N",2000,4,20,2.79999995,3564,0,4,0.48
4481,"M","N",2000,4,21,2.29999995,3704,0,3,0.67
4482,"M","N",2000,4,21,2.5,3473,0,4,0.33
4483,"F","S",2000,4,21,1.89999998,2873,0,7,0.86
4484,"F","P",2000,4,18,1,4166,0,1,0.43
4489,"F","P",2000,4,22,1.60000002,3268,1,5,0.62
4490,"F","N",2000,4,13,4.5999999,2627,0,8,0.78
4491,"M","N",2000,4,22,2.4000001,3255,1,5,0.67
4492,"M","N",2000,4,22,2.5,3255,1,5,0.84
4493,"F","N",2000,4,12,3.70000005,3209,0,5,0.69
4494,"F","S",2000,4,21,2.8499999,3748,0,3,0.32
4495,"M","N",2000,4,19,2.9000001,3592,0,4,0.46
4496,"M","N",2000,4,22,2.5,4322,0,4,0.32
4497,"M","N",2000,4,22,2.4000001,2707,0,8,0.78
4498,"F","P",2000,4,22,2.4000001,2963,0,7,0.73
4499,"F","S",2000,4,22,2,2377,0,10,0.77
4500,"M","S",2000,4,19,3.9000001,3314,0,5,0.4
4501,"F","N",2000,4,20,3.0999999,3414,0,4,0.35
4502,"F","P",2000,4,20,2.5999999,3609,0,4,0.57
4503,"F","P",2000,4,23,2.79999995,3232,0,5,0.56
4504,"F","P",2000,4,23,2.5999999,2787,0,7,0.73
4505,"F","S",2000,4,23,2.4000001,3796,0,3,0.49
4508,"M","N",2000,4,16,3.5999999,3260,0,5,0.44
4509,"F","P",2000,4,24,2.70000005,2686,0,8,0.59
4510,"F","S",2000,4,24,2.0999999,3291,1,5,0.6
4511,"M","N",2000,4,24,1.89999998,3291,1,5,0.65
4513,"F","P",2000,4,21,2.0999999,3567,1,4,0.72
4515,"F","P",2000,4,23,2.70000005,3265,0,5,0.51
4517,"F","N",2000,4,17,1.64999998,4170,0,1,0.43
4518,"F","N",2000,4,24,3.20000005,3198,0,5,0.77
4520,"M","N",2000,4,25,3.0999999,2927,0,7,0.72
